<anan>
	
	<!-- 显血 -->
	<remove xpath="/windows/window[@name='windowTargetBar']" />
	<append xpath="/windows">
		<window name="windowTargetBar" controller="TargetBar" visibility="always">
			<rect pos="-200,-70" width="400" height="25" visible="{visible}">
				<sprite depth="1" name="border" color="0,0,0,100" type="sliced" width="400" globalopacity="false"/>
				<filledsprite depth="2" name="BarContent" type="filled" color="255,52,55,200" width="400" fill="{fill}" globalopacity="false"/>
				<label depth="3" name="TextContent" pos="6,-2" font_size="20" color="[white]" justify="center" pivot="topleft" text="{name}:{currentwithmax}" height="25"/>
			</rect>
		</window>
	</append>
	<!-- 常显 -->
	<remove xpath="/windows/window[@name='HUDLeftStatBars']" />
	<append xpath="/windows">
		<window name="HUDLeftStatBars">
			<rect name="hud" pos="9,129" rows="2" cols="1" width="336" side="right">
				<rect controller="CharacterFrameWindow">
					<panel name="header" height="15" depth="1" pos="9999,9999" backgroundspritename="ui_game_panel_header">
						<label depth="2" name="characterName" pos="42,-6" width="150" height="32" text="" font_size="32"/>
						<label depth="2" name="levelNumber" pos="240,-10" width="80" height="28" text="" color="[transparent]"/>
					</panel>
					<rect visible="{showcharacter}" pos="9999,9999">
						<panel name="previewFrame" depth="0" pos="0,0" width="10" on_press="true" on_hover="true" disableautobackground="true" snap="false">
							<rect>
								<texture depth="2" name="playerPreview" material="Materials/Transparent Colored" size="8,8" globalopacity="true" globalopacitymod="0.1"/>
							</rect>
						</panel>
					</rect>
					<!-- 等级 -->
					<rect width="171" height="20" controller="ToolbeltWindow" visible="{statvisible}">
						<filledsprite depth="3" name="background" color="110,110,110,128" width="169" type="filled" fill="{statmodifiedmax}" />
						<sprite depth="5" name="BarContent" color="255,105,180,200" width="169" foregroundlayer="true" type="filled" fill="{xp}" />
						<sprite depth="6" name="Icon" atlas="{staticonatlas|once}" sprite="ui_game_symbol_trophy" size="15,15" pos="3,-2" foregroundlayer="true"/>
						<label depth="7" name="TextContent" pos="4,0" font_size="18" color="[white]" justify="center" pivot="topleft" text="Lv:{playerlevel}  XP:{playerxptonextlevel}" height="30" controller="PlayerStatsWindow"/>
						<sprite depth="8" name="border" color="0,0,0,255" type="sliced" fillcenter="false"/>
						<filledsprite depth="8" name="background" color="0,0,0,255" width="171" fillcenter="false" type="filled" fill="{statmodifiedmax}" />
					</rect>
					<!-- 食物 -->
					<rect width="171" height="20" pos="0,-25" controller="HUDStatBar" stat_type="Food" visible="{statvisible}">
						<filledsprite depth="3" name="background" color="110,110,110,128" width="169" type="filled" fill="{statmodifiedmax}" />
						<filledsprite depth="5" name="BarContent" color="0,255,54,200" width="169" type="filled" fill="0"  />
						<sprite depth="6" name="Icon" atlas="{staticonatlas|once}" sprite="ui_game_symbol_fork" size="17,17" pos="3,-2" foregroundlayer="true"/>
						<label depth="7" name="TextContent" pos="4,0" font_size="18" color="[white]" justify="center" pivot="topleft" text="{playerfood}/{playerfoodmax}" height="30" controller="PlayerStatsWindow"/>
						<sprite depth="8" name="border" color="0,0,0,255" type="sliced" fillcenter="false"/>
						<filledsprite depth="8" name="background" color="0,0,0,255" width="171" fillcenter="false" type="filled" fill="{statmodifiedmax}" />
					</rect>
					<!-- 水分 -->
					<rect width="171" height="20" pos="0,-50" controller="HUDStatBar" stat_type="Water" visible="{statvisible}">
						<filledsprite depth="3" name="background" color="110,110,110,128" width="169" type="filled" fill="{statmodifiedmax}" />
						<filledsprite depth="5" name="BarContent" color="0,255,162,200" width="169" type="filled" fill="0"  />
						<sprite depth="6" name="Icon" atlas="{staticonatlas|once}" sprite="ui_game_symbol_water" size="18,18" pos="2,-1" foregroundlayer="true"/>
						<label depth="7" name="TextContent" pos="4,0" font_size="18" color="[white]" justify="center" pivot="topleft" text="{playerwater}/{playerwatermax}" height="30" controller="PlayerStatsWindow"/>
						<sprite depth="8" name="border" color="0,0,0,255" type="sliced" fillcenter="false"/>
						<filledsprite depth="8" name="background" color="0,0,0,255" width="171" fillcenter="false" type="filled" fill="{statmodifiedmax}" />
					</rect>
					<!-- 体力 -->
					<rect width="171" height="20" pos="0,-75" controller="HUDStatBar" stat_type="Stamina" visible="{statvisible}">
						<filledsprite depth="3" name="background" color="110,110,110,128" width="169" type="filled" fill="{statmodifiedmax}" />
						<filledsprite depth="5" name="BarContent" color="255,215,0,200" width="169" type="filled" fill="0"  />
						<sprite depth="6" name="Icon" atlas="{staticonatlas|once}" sprite="ui_game_symbol_agility" size="18,18" pos="2,-1" foregroundlayer="true"/>
						<label depth="7" name="TextContent" pos="4,0" font_size="18" color="[white]" justify="center" pivot="topleft" text="{statcurrentwithmax}" height="30"/>
						<sprite depth="8" name="border" color="0,0,0,255" type="sliced" fillcenter="false"/>
						<filledsprite depth="8" name="background" color="0,0,0,255" width="171" fillcenter="false" type="filled" fill="{statmodifiedmax}" />
					</rect>
					<!-- 血量 -->
					<rect width="171" height="20" pos="0,-100" controller="HUDStatBar" stat_type="Health" visible="{statvisible}">
						<filledsprite depth="3" name="background" color="110,110,110,128" width="169" type="filled" fill="{statmodifiedmax}" />
						<filledsprite depth="5" name="BarContent" color="255,52,55,200" width="169" type="filled" fill="0" />
						<sprite depth="6" name="Icon" atlas="{staticonatlas|once}" sprite="{staticon|once}" size="18,18" pos="3,-1" foregroundlayer="true"/>
						<label depth="7" name="TextContent" pos="4,0" font_size="18" color="[white]" justify="center" pivot="topleft" text="{statcurrentwithmax}" height="30"/>
						<sprite depth="8" name="border" color="0,0,0,255" type="sliced" fillcenter="false"/>
						<filledsprite depth="8" name="background" color="0,0,0,255" width="171" fillcenter="false" type="filled" fill="{statmodifiedmax}" />
					</rect>
				</rect>
			</rect>	
			<!-- BUFF -->
			<rect name="AnAnBuffLeft" pos="3,160" Controller="ActiveBuffWindow" width="460" >
				<button name="pageDown" size="1,1" pos="9999,9999" />
				<label name="pageNumber" pos="9999,9999" width="1" height="1" />
				<button name="pageUp" size="1,1" pos="9999,9999" />
				<rect name="buffs" controller="ActiveBuffList">
					<panel height="22" controller="ActiveBuffEntry" width="450" disableautobackground="true" >	
						<sprite depth="0" name="background" color="[transparent]"/>
						<sprite depth="2" name="Icon" sprite="{bufficon|once}" color="{buffcolor}" foregroundlayer="true" size="20,20" pos="9,-4"/>
						<label depth="2" pos="30,-5" width="450" height="20" text="{buffname|once}  [DECEA3]{buffdisplayinfo}[-]" font_size="18" pivot="topleft"/>
					</panel>
					<panel pos="0,22" height="22" controller="ActiveBuffEntry" width="450" disableautobackground="true" >	
						<sprite depth="0" name="background" color="[transparent]"/>
						<sprite depth="2" name="Icon" sprite="{bufficon|once}" color="{buffcolor}" foregroundlayer="true" size="20,20" pos="9,-4"/>
						<label depth="2" pos="30,-5" width="450" height="20" text="{buffname|once}  [DECEA3]{buffdisplayinfo}[-]" font_size="18" pivot="topleft"/>
					</panel>
					<panel pos="0,44" height="22" controller="ActiveBuffEntry" width="450" disableautobackground="true" >	
						<sprite depth="0" name="background" color="[transparent]"/>
						<sprite depth="2" name="Icon" sprite="{bufficon|once}" color="{buffcolor}" foregroundlayer="true" size="20,20" pos="9,-4"/>
						<label depth="2" pos="30,-5" width="450" height="20" text="{buffname|once}  [DECEA3]{buffdisplayinfo}[-]" font_size="18" pivot="topleft"/>
					</panel>
					<panel pos="0,66" height="22" controller="ActiveBuffEntry" width="450" disableautobackground="true" >	
						<sprite depth="0" name="background" color="[transparent]"/>
						<sprite depth="2" name="Icon" sprite="{bufficon|once}" color="{buffcolor}" foregroundlayer="true" size="20,20" pos="9,-4"/>
						<label depth="2" pos="30,-5" width="450" height="20" text="{buffname|once}  [DECEA3]{buffdisplayinfo}[-]" font_size="18" pivot="topleft"/>
					</panel>
					<panel pos="0,88" height="22" controller="ActiveBuffEntry" width="450" disableautobackground="true" >	
						<sprite depth="0" name="background" color="[transparent]"/>
						<sprite depth="2" name="Icon" sprite="{bufficon|once}" color="{buffcolor}" foregroundlayer="true" size="20,20" pos="9,-4"/>
						<label depth="2" pos="30,-5" width="450" height="20" text="{buffname|once}  [DECEA3]{buffdisplayinfo}[-]" font_size="18" pivot="topleft"/>
					</panel>
					<panel pos="0,110" height="22" controller="ActiveBuffEntry" width="450" disableautobackground="true" >	
						<sprite depth="0" name="background" color="[transparent]"/>
						<sprite depth="2" name="Icon" sprite="{bufficon|once}" color="{buffcolor}" foregroundlayer="true" size="20,20" pos="9,-4"/>
						<label depth="2" pos="30,-5" width="450" height="20" text="{buffname|once}  [DECEA3]{buffdisplayinfo}[-]" font_size="18" pivot="topleft"/>
					</panel>
					<panel pos="0,132" height="22" controller="ActiveBuffEntry" width="450" disableautobackground="true" >	
						<sprite depth="0" name="background" color="[transparent]"/>
						<sprite depth="2" name="Icon" sprite="{bufficon|once}" color="{buffcolor}" foregroundlayer="true" size="20,20" pos="9,-4"/>
						<label depth="2" pos="30,-5" width="450" height="20" text="{buffname|once}  [DECEA3]{buffdisplayinfo}[-]" font_size="18" pivot="topleft"/>
					</panel>
					<panel pos="0,154" height="22" controller="ActiveBuffEntry" width="450" disableautobackground="true" >	
						<sprite depth="0" name="background" color="[transparent]"/>
						<sprite depth="2" name="Icon" sprite="{bufficon|once}" color="{buffcolor}" foregroundlayer="true" size="20,20" pos="9,-4"/>
						<label depth="2" pos="30,-5" width="450" height="20" text="{buffname|once}  [DECEA3]{buffdisplayinfo}[-]" font_size="18" pivot="topleft"/>
					</panel>
					<panel pos="0,176" height="22" controller="ActiveBuffEntry" width="450" disableautobackground="true" >	
						<sprite depth="0" name="background" color="[transparent]"/>
						<sprite depth="2" name="Icon" sprite="{bufficon|once}" color="{buffcolor}" foregroundlayer="true" size="20,20" pos="9,-4"/>
						<label depth="2" pos="30,-5" width="450" height="20" text="{buffname|once}  [DECEA3]{buffdisplayinfo}[-]" font_size="18" pivot="topleft"/>
					</panel>
					<panel pos="0,198" height="22" controller="ActiveBuffEntry" width="450" disableautobackground="true" >	
						<sprite depth="0" name="background" color="[transparent]"/>
						<sprite depth="2" name="Icon" sprite="{bufficon|once}" color="{buffcolor}" foregroundlayer="true" size="20,20" pos="9,-4"/>
						<label depth="2" pos="30,-5" width="450" height="20" text="{buffname|once}  [DECEA3]{buffdisplayinfo}[-]" font_size="18" pivot="topleft"/>
					</panel>
					<panel pos="0,220" height="22" controller="ActiveBuffEntry" width="450" disableautobackground="true" >	
						<sprite depth="0" name="background" color="[transparent]"/>
						<sprite depth="2" name="Icon" sprite="{bufficon|once}" color="{buffcolor}" foregroundlayer="true" size="20,20" pos="9,-4"/>
						<label depth="2" pos="30,-5" width="450" height="20" text="{buffname|once}  [DECEA3]{buffdisplayinfo}[-]" font_size="18" pivot="topleft"/>
					</panel>
					<panel pos="0,242" height="22" controller="ActiveBuffEntry" width="450" disableautobackground="true" >	
						<sprite depth="0" name="background" color="[transparent]"/>
						<sprite depth="2" name="Icon" sprite="{bufficon|once}" color="{buffcolor}" foregroundlayer="true" size="20,20" pos="9,-4"/>
						<label depth="2" pos="30,-5" width="450" height="20" text="{buffname|once}  [DECEA3]{buffdisplayinfo}[-]" font_size="18" pivot="topleft"/>
					</panel>
					<panel pos="0,264" height="22" controller="ActiveBuffEntry" width="450" disableautobackground="true" >	
						<sprite depth="0" name="background" color="[transparent]"/>
						<sprite depth="2" name="Icon" sprite="{bufficon|once}" color="{buffcolor}" foregroundlayer="true" size="20,20" pos="9,-4"/>
						<label depth="2" pos="30,-5" width="450" height="20" text="{buffname|once}  [DECEA3]{buffdisplayinfo}[-]" font_size="18" pivot="topleft"/>
					</panel>
					<panel pos="0,286" height="22" controller="ActiveBuffEntry" width="450" disableautobackground="true" >	
						<sprite depth="0" name="background" color="[transparent]"/>
						<sprite depth="2" name="Icon" sprite="{bufficon|once}" color="{buffcolor}" foregroundlayer="true" size="20,20" pos="9,-4"/>
						<label depth="2" pos="30,-5" width="450" height="20" text="{buffname|once}  [DECEA3]{buffdisplayinfo}[-]" font_size="18" pivot="topleft"/>
					</panel>
					<panel pos="0,308" height="22" controller="ActiveBuffEntry" width="450" disableautobackground="true" >	
						<sprite depth="0" name="background" color="[transparent]"/>
						<sprite depth="2" name="Icon" sprite="{bufficon|once}" color="{buffcolor}" foregroundlayer="true" size="20,20" pos="9,-4"/>
						<label depth="2" pos="30,-5" width="450" height="20" text="{buffname|once}  [DECEA3]{buffdisplayinfo}[-]" font_size="18" pivot="topleft"/>
					</panel>
					<panel pos="0,330" height="22" controller="ActiveBuffEntry" width="450" disableautobackground="true" >	
						<sprite depth="0" name="background" color="[transparent]"/>
						<sprite depth="2" name="Icon" sprite="{bufficon|once}" color="{buffcolor}" foregroundlayer="true" size="20,20" pos="9,-4"/>
						<label depth="2" pos="30,-5" width="450" height="20" text="{buffname|once}  [DECEA3]{buffdisplayinfo}[-]" font_size="18" pivot="topleft"/>
					</panel>
					<panel pos="0,352" height="22" controller="ActiveBuffEntry" width="450" disableautobackground="true" >	
						<sprite depth="0" name="background" color="[transparent]"/>
						<sprite depth="2" name="Icon" sprite="{bufficon|once}" color="{buffcolor}" foregroundlayer="true" size="20,20" pos="9,-4"/>
						<label depth="2" pos="30,-5" width="450" height="20" text="{buffname|once}  [DECEA3]{buffdisplayinfo}[-]" font_size="18" pivot="topleft"/>
					</panel>
					<panel pos="0,374" height="22" controller="ActiveBuffEntry" width="450" disableautobackground="true" >	
						<sprite depth="0" name="background" color="[transparent]"/>
						<sprite depth="2" name="Icon" sprite="{bufficon|once}" color="{buffcolor}" foregroundlayer="true" size="20,20" pos="9,-4"/>
						<label depth="2" pos="30,-5" width="450" height="20" text="{buffname|once}  [DECEA3]{buffdisplayinfo}[-]" font_size="18" pivot="topleft"/>
					</panel>
					<panel pos="0,396" height="22" controller="ActiveBuffEntry" width="450" disableautobackground="true" >	
						<sprite depth="0" name="background" color="[transparent]"/>
						<sprite depth="2" name="Icon" sprite="{bufficon|once}" color="{buffcolor}" foregroundlayer="true" size="20,20" pos="9,-4"/>
						<label depth="2" pos="30,-5" width="450" height="20" text="{buffname|once}  [DECEA3]{buffdisplayinfo}[-]" font_size="18" pivot="topleft"/>
					</panel>
					<panel pos="0,418" height="22" controller="ActiveBuffEntry" width="450" disableautobackground="true" >	
						<sprite depth="0" name="background" color="[transparent]"/>
						<sprite depth="2" name="Icon" sprite="{bufficon|once}" color="{buffcolor}" foregroundlayer="true" size="20,20" pos="9,-4"/>
						<label depth="2" pos="30,-5" width="450" height="20" text="{buffname|once}  [DECEA3]{buffdisplayinfo}[-]" font_size="18" pivot="topleft"/>
					</panel>
					<panel pos="0,440" height="22" controller="ActiveBuffEntry" width="450" disableautobackground="true" >	
						<sprite depth="0" name="background" color="[transparent]"/>
						<sprite depth="2" name="Icon" sprite="{bufficon|once}" color="{buffcolor}" foregroundlayer="true" size="20,20" pos="9,-4"/>
						<label depth="2" pos="30,-5" width="450" height="20" text="{buffname|once}  [DECEA3]{buffdisplayinfo}[-]" font_size="18" pivot="topleft"/>
					</panel>
					<panel pos="0,462" height="22" controller="ActiveBuffEntry" width="450" disableautobackground="true" >	
						<sprite depth="0" name="background" color="[transparent]"/>
						<sprite depth="2" name="Icon" sprite="{bufficon|once}" color="{buffcolor}" foregroundlayer="true" size="20,20" pos="9,-4"/>
						<label depth="2" pos="30,-5" width="450" height="20" text="{buffname|once}  [DECEA3]{buffdisplayinfo}[-]" font_size="18" pivot="topleft"/>
					</panel>
					<panel pos="0,484" height="22" controller="ActiveBuffEntry" width="450" disableautobackground="true" >	
						<sprite depth="0" name="background" color="[transparent]"/>
						<sprite depth="2" name="Icon" sprite="{bufficon|once}" color="{buffcolor}" foregroundlayer="true" size="20,20" pos="9,-4"/>
						<label depth="2" pos="30,-5" width="450" height="20" text="{buffname|once}  [DECEA3]{buffdisplayinfo}[-]" font_size="18" pivot="topleft"/>
					</panel>
					<panel pos="0,506" height="22" controller="ActiveBuffEntry" width="450" disableautobackground="true" >	
						<sprite depth="0" name="background" color="[transparent]"/>
						<sprite depth="2" name="Icon" sprite="{bufficon|once}" color="{buffcolor}" foregroundlayer="true" size="20,20" pos="9,-4"/>
						<label depth="2" pos="30,-5" width="450" height="20" text="{buffname|once}  [DECEA3]{buffdisplayinfo}[-]" font_size="18" pivot="topleft"/>
					</panel>
					<panel pos="0,528" height="22" controller="ActiveBuffEntry" width="450" disableautobackground="true" >	
						<sprite depth="0" name="background" color="[transparent]"/>
						<sprite depth="2" name="Icon" sprite="{bufficon|once}" color="{buffcolor}" foregroundlayer="true" size="20,20" pos="9,-4"/>
						<label depth="2" pos="30,-5" width="450" height="20" text="{buffname|once}  [DECEA3]{buffdisplayinfo}[-]" font_size="18" pivot="topleft"/>
					</panel>
					<panel pos="0,528" height="22" controller="ActiveBuffEntry" width="450" disableautobackground="true" >	
						<sprite depth="0" name="background" color="[transparent]"/>
						<sprite depth="2" name="Icon" sprite="{bufficon|once}" color="{buffcolor}" foregroundlayer="true" size="20,20" pos="9,-4"/>
						<label depth="2" pos="30,-5" width="450" height="20" text="{buffname|once}  [DECEA3]{buffdisplayinfo}[-]" font_size="18" pivot="topleft"/>
					</panel>
					<panel pos="0,550" height="22" controller="ActiveBuffEntry" width="450" disableautobackground="true" >	
						<sprite depth="0" name="background" color="[transparent]"/>
						<sprite depth="2" name="Icon" sprite="{bufficon|once}" color="{buffcolor}" foregroundlayer="true" size="20,20" pos="9,-4"/>
						<label depth="2" pos="30,-5" width="450" height="20" text="{buffname|once}  [DECEA3]{buffdisplayinfo}[-]" font_size="18" pivot="topleft"/>
					</panel>
					<panel pos="0,572" height="22" controller="ActiveBuffEntry" width="450" disableautobackground="true" >	
						<sprite depth="0" name="background" color="[transparent]"/>
						<sprite depth="2" name="Icon" sprite="{bufficon|once}" color="{buffcolor}" foregroundlayer="true" size="20,20" pos="9,-4"/>
						<label depth="2" pos="30,-5" width="450" height="20" text="{buffname|once}  [DECEA3]{buffdisplayinfo}[-]" font_size="18" pivot="topleft"/>
					</panel>
					<panel pos="0,594" height="22" controller="ActiveBuffEntry" width="450" disableautobackground="true" >	
						<sprite depth="0" name="background" color="[transparent]"/>
						<sprite depth="2" name="Icon" sprite="{bufficon|once}" color="{buffcolor}" foregroundlayer="true" size="20,20" pos="9,-4"/>
						<label depth="2" pos="30,-5" width="450" height="20" text="{buffname|once}  [DECEA3]{buffdisplayinfo}[-]" font_size="18" pivot="topleft"/>
					</panel>
					<panel pos="0,616" height="22" controller="ActiveBuffEntry" width="450" disableautobackground="true" >	
						<sprite depth="0" name="background" color="[transparent]"/>
						<sprite depth="2" name="Icon" sprite="{bufficon|once}" color="{buffcolor}" foregroundlayer="true" size="20,20" pos="9,-4"/>
						<label depth="2" pos="30,-5" width="450" height="20" text="{buffname|once}  [DECEA3]{buffdisplayinfo}[-]" font_size="18" pivot="topleft"/>
					</panel>
					<panel pos="0,638" height="22" controller="ActiveBuffEntry" width="450" disableautobackground="true" >	
						<sprite depth="0" name="background" color="[transparent]"/>
						<sprite depth="2" name="Icon" sprite="{bufficon|once}" color="{buffcolor}" foregroundlayer="true" size="20,20" pos="9,-4"/>
						<label depth="2" pos="30,-5" width="450" height="20" text="{buffname|once}  [DECEA3]{buffdisplayinfo}[-]" font_size="18" pivot="topleft"/>
					</panel>
					<panel pos="0,660" height="22" controller="ActiveBuffEntry" width="450" disableautobackground="true" >	
						<sprite depth="0" name="background" color="[transparent]"/>
						<sprite depth="2" name="Icon" sprite="{bufficon|once}" color="{buffcolor}" foregroundlayer="true" size="20,20" pos="9,-4"/>
						<label depth="2" pos="30,-5" width="450" height="20" text="{buffname|once}  [DECEA3]{buffdisplayinfo}[-]" font_size="18" pivot="topleft"/>
					</panel>
				</rect>
			</rect>
		</window>	
	</append>

	<!-- 日期时间 -->
	<set xpath="/windows/window[@name='windowCompass']/sprite/@pos">-85,-19</set>
	<set xpath="/windows/window[@name='windowCompass']/sprite/label/@text">[00FF00]{daytitle}: [{daycolor|always}]{day|always}[-] {timetitle}: [FFFFFF]{time|always}</set>
	
	<!-- 温度海拔 -->
	<append xpath="/windows/window[@name='windowCompass']/sprite[@globalopacitymod='1.8']">
		<rect width="150" height="43" pos="540,13" controller="MapStats" pivot="center" justify="center">
			<sprite depth="6" name="tempIcon" size="30,30" pos="0,0" sprite="ui_game_symbol_temperature" color="[green]" foregroundlayer="true"/>
			<label depth="5" name="tempLabel" size="150,30" pos="31,0" text="{playercoretemp}[-]" color="[white]" font_size="28" effect="outline"/>
			<sprite depth="6" name="elevIcon" size="27,27" pos="120,0" sprite="ui_game_symbol_climb" color="[green]" foregroundlayer="true"/>
			<label depth="5" name="elevLabel" size="150,30" pos="154,0" text="{mapelevation} M[-]" color="[white]" font_size="28" effect="outline"/>
		</rect>
	</append>
	
	<!-- 潜行 -->
	<append xpath="/windows/window[@name='windowCompass']/sprite[@globalopacitymod='1.8']">
		<rect width="171" height="20" pos="240,-80" controller="HUDStatBar" stat_type="Stealth" visible="{statvisible}" pivot="center">
			<filledsprite depth="3" name="background" color="110,110,110,128" type="filled" fill="1"/>
			<filledsprite depth="4" name="BarContent" color="139,252,252,200" type="filled" fill="0"/>
			<sprite depth="5" name="Icon" atlas="{staticonatlas|once}" sprite="{staticon|once}" size="18,18" pos="4,-2" foregroundlayer="true"/>
			<label depth="6" name="TextContent" pos="6,0" font_size="18" color="[white]" justify="center" pivot="topleft" text="{statcurrent}" height="30"/>
		</rect>
		<rect name="hud" pos="9999,5465" side="left" controller="BuffPopoutList" pivot="BottomLeft" >
			<panel width="168" height="46" name="item" visible="false" pivot="right" disableautobackground="true" pos="70, 0" style="press" sound="[recipe_click]" on_hover="true" >
				<sprite depth="3" pos="0,0"  name="Background" sprite="ui_game_popup" height="46" width="162" pivot="center" flip="Horizontally" color="[transparent]"/>
				<sprite depth="4" name="Icon" size="40,40" pos="-54,0" pivot="center" color="[transparent]"/>
				<label depth="6" name="TextContent" pos="0,0" font_size="28" color="[white]" justify="center" height="40" pivot="center"/>
			</panel>
		</rect>
	</append>
	
	<!-- 腰带 -->
	<set xpath="/windows/window[@name='windowToolbelt']/@pos">-388,86</set>
	<remove xpath="/windows/window[@name='windowToolbelt']/rect/sprite[@height='8']"/>
	<remove xpath="/windows/window[@name='windowToolbelt']/rect/rect[@controller='HUDStatBar']"/>
	<append xpath="/windows/window[@name='windowToolbelt']/rect/rect[@controller='Toolbelt']">
		<grid depth="9" rows="1" cols="10" pos="-3,-1" cell_width="75" cell_height="75" repeat_content="false">
			<label style="anHudLabelSlots" font_size="22" text="1"/>
			<label style="anHudLabelSlots" font_size="22" text="2"/>
			<label style="anHudLabelSlots" font_size="22" text="3"/>
			<label style="anHudLabelSlots" font_size="22" text="4"/>
			<label style="anHudLabelSlots" font_size="22" text="5"/>
			<label style="anHudLabelSlots" font_size="22" text="6"/>
			<label style="anHudLabelSlots" font_size="22" text="7"/>
			<label style="anHudLabelSlots" font_size="22" text="8"/>
			<label style="anHudLabelSlots" font_size="22" text="9"/>
			<label style="anHudLabelSlots" font_size="22" text="0"/>
		</grid>
	</append>

</anan>