<anan>
	
	<set xpath="/windows/window[@name='windowCraftingQueue']/rect[@controller='CraftingQueue']/grid[@name='queue']/@rows">3</set>
	<set xpath="/windows/window[@name='windowCraftingQueue']/rect[@controller='CraftingQueue']/grid[@name='queue']/@cols">5</set>
	<set xpath="/windows/window[@name='windowCraftingQueue']/rect[@controller='CraftingQueue']/grid[@name='queue']/@pos">-85,0</set>
	
	<set xpath="/windows/window[@name='windowCreative']/grid[@name='queue']/@rows">9</set>

	<set xpath="/windows/window[@name='windowLooting']/rect[@name='content']/grid[@name='queue']/@cols">14</set>
	<set xpath="/windows/window[@name='emptyInfoPanel']/@width">1007</set>
	<set xpath="/windows/window[@name='emptyInfoPanel']/rect[@name='contentCraftingInfo']/sprite[@name='backgroundMain']/@width">1007</set>
	<set xpath="/windows/window[@name='craftingInfoPanel']/@width">1007</set>
	<set xpath="/windows/window[@name='craftingInfoPanel']/rect[@name='contentCraftingInfo']/sprite[@depth='5']/@width">1007</set>
	<set xpath="/windows/window[@name='craftingInfoPanel']/rect[@name='contentCraftingInfo']/rect[@name='searchControls']/@width">852</set>
	<set xpath="/windows/window[@name='craftingInfoPanel']/rect[@name='contentCraftingInfo']/rect[@name='description']/@width">851</set>
	<set xpath="/windows/window[@name='craftingInfoPanel']/rect[@name='contentCraftingInfo']/rect[@name='description']/sprite[@name='backgroundMain']/@width">857</set>
	<set xpath="/windows/window[@name='craftingInfoPanel']/rect[@name='contentCraftingInfo']/rect[@name='description']/rect/label[@name='descriptionText']/@width">844</set>
	<set xpath="/windows/window[@name='craftingInfoPanel']/rect[@name='contentCraftingInfo']/rect[@name='ingredients']/@width">851</set>
	<set xpath="/windows/window[@name='craftingInfoPanel']/rect[@name='contentCraftingInfo']/rect[@name='ingredients']/grid[@controller='IngredientList']/@width">851</set>
	<set xpath="/windows/window[@name='craftingInfoPanel']/rect[@name='contentCraftingInfo']/rect[@name='ingredients']/grid[@controller='IngredientList']/@cell_width">851</set>
	<set xpath="/windows/window[@name='itemInfoPanel']/@width">1010</set>
	<set xpath="/windows/window[@name='itemInfoPanel']/panel[@name='header']/label[@name='windowName']/@width">902</set>
	<set xpath="/windows/window[@name='itemInfoPanel']/panel[@name='header']/label[@justify='right']/@pos">752,-8</set>
	<set xpath="/windows/window[@name='itemInfoPanel']/panel[@name='header']/sprite[@name='costIcon']/@pos">979,-10</set>
	<set xpath="/windows/window[@name='itemInfoPanel']/rect[@name='contentInfo']/sprite[@depth='5']/@width">1007</set>
	<set xpath="/windows/window[@name='itemInfoPanel']/rect[@name='contentInfo']/rect[@name='searchControls']/@width">852</set>
	<set xpath="/windows/window[@name='itemInfoPanel']/rect[@name='contentInfo']/rect[@name='searchControls']/sprite[@type='sliced']/@width">853</set>
	<set xpath="/windows/window[@name='itemInfoPanel']/rect[@name='contentInfo']/rect[@pos='153,0']/@width">851</set>
	<set xpath="/windows/window[@name='itemInfoPanel']/rect[@name='contentInfo']/rect[@pos='153,0']/sprite[@name='backgroundMain']/@width">857</set>
	<set xpath="/windows/window[@name='itemInfoPanel']/rect[@name='contentInfo']/rect[@pos='153,0']/label[@name='descriptionText']/@width">844</set>
	<set xpath="/windows/window[@name='itemInfoPanel']/rect[@name='contentInfo']/rect[@pos='153,-43']/@width">851</set>
	<set xpath="/windows/window[@name='itemInfoPanel']/rect[@name='contentInfo']/rect[@pos='153,-43']/sprite[@name='backgroundMain']/@width">857</set>
	<set xpath="/windows/window[@name='itemInfoPanel']/rect[@name='contentInfo']/rect[@pos='153,-43']/rect[@visible='{showstats}']/@width">857</set>
	<set xpath="/windows/window[@name='itemInfoPanel']/rect[@name='contentInfo']/rect[@pos='153,-43']/rect[@visible='{showstats}']/rect[@pos='-3,0']/label[@justify='left']/@width">834</set>
	<set xpath="/windows/window[@name='itemInfoPanel']/rect[@name='contentInfo']/rect[@pos='153,-43']/rect[@visible='{showstats}']/rect[@pos='-3,0']/label[@justify='right']/@width">834</set>
	<set xpath="/windows/window[@name='itemInfoPanel']/rect[@name='contentInfo']/rect[@pos='153,-43']/rect[@visible='{showstats}']/rect[@pos='-3,-33']/label[@justify='left']/@width">834</set>
	<set xpath="/windows/window[@name='itemInfoPanel']/rect[@name='contentInfo']/rect[@pos='153,-43']/rect[@visible='{showstats}']/rect[@pos='-3,-33']/label[@justify='right']/@width">834</set>
	<set xpath="/windows/window[@name='itemInfoPanel']/rect[@name='contentInfo']/rect[@pos='153,-43']/rect[@visible='{showstats}']/rect[@pos='-3,-64']/label[@justify='left']/@width">834</set>
	<set xpath="/windows/window[@name='itemInfoPanel']/rect[@name='contentInfo']/rect[@pos='153,-43']/rect[@visible='{showstats}']/rect[@pos='-3,-64']/label[@justify='right']/@width">834</set>
	<set xpath="/windows/window[@name='itemInfoPanel']/rect[@name='contentInfo']/rect[@pos='153,-43']/rect[@visible='{showstats}']/rect[@pos='-3,-94']/label[@justify='left']/@width">834</set>
	<set xpath="/windows/window[@name='itemInfoPanel']/rect[@name='contentInfo']/rect[@pos='153,-43']/rect[@visible='{showstats}']/rect[@pos='-3,-94']/label[@justify='right']/@width">834</set>
	<set xpath="/windows/window[@name='itemInfoPanel']/rect[@name='contentInfo']/rect[@pos='153,-43']/rect[@visible='{showstats}']/rect[@pos='-3,-127']/label[@justify='left']/@width">834</set>
	<set xpath="/windows/window[@name='itemInfoPanel']/rect[@name='contentInfo']/rect[@pos='153,-43']/rect[@visible='{showstats}']/rect[@pos='-3,-127']/label[@justify='right']/@width">834</set>
	<set xpath="/windows/window[@name='itemInfoPanel']/rect[@name='contentInfo']/rect[@pos='153,-43']/rect[@visible='{showstats}']/rect[@pos='-3,-159']/label[@justify='left']/@width">834</set>
	<set xpath="/windows/window[@name='itemInfoPanel']/rect[@name='contentInfo']/rect[@pos='153,-43']/rect[@visible='{showstats}']/rect[@pos='-3,-159']/label[@justify='right']/@width">834</set>
	<set xpath="/windows/window[@name='itemInfoPanel']/rect[@name='contentInfo']/rect[@pos='153,-43']/rect[@visible='{showstats}']/rect[@pos='-3,-192']/label[@justify='left']/@width">834</set>
	<set xpath="/windows/window[@name='itemInfoPanel']/rect[@name='contentInfo']/rect[@pos='153,-43']/rect[@visible='{showstats}']/rect[@pos='-3,-192']/label[@justify='right']/@width">834</set>
	<set xpath="/windows/window[@name='itemInfoPanel']/rect[@name='contentInfo']/rect[@pos='153,-43']/rect[@visible='{showdescription}']/label[@name='descriptionText']/@width">844</set>
	<set xpath="/windows/window[@name='itemInfoPanel']/rect[@name='contentInfo']/grid[@name='parts']/@cols">11</set>
	<set xpath="/windows/window[@name='itemInfoPanel']/rect[@name='contentInfo']/rect[@visible='{iscomparing}']/@width">854</set>
	<set xpath="/windows/window[@name='buffInfoPanel']/@width">1007</set>
	<set xpath="/windows/window[@name='buffInfoPanel']/rect[@name='contentBuffInfo']/rect/sprite[@depth='5']/@width">1007</set>
	<set xpath="/windows/window[@name='buffInfoPanel']/rect[@name='contentBuffInfo']/rect/rect[@name='description']/@width">852</set>
	<set xpath="/windows/window[@name='buffInfoPanel']/rect[@name='contentBuffInfo']/rect/rect[@depth='1']/sprite[@name='backgroundMain']/@width">857</set>
	<set xpath="/windows/window[@name='buffInfoPanel']/rect[@name='contentBuffInfo']/rect/rect[@depth='1']/rect/label[@name='descriptionText']/@width">857</set>
	<remove xpath="/windows/window[@name='windowBackpack']" />
	<append xpath="/windows">
		<window name="windowBackpack" width="1008" height="515" panel="Center" controller="BackpackWindow" cursor_area="true" >
			<panel name="header" height="43" depth="1" backgroundspritename="ui_game_panel_header">
				<sprite depth="3" name="windowIcon" style="icon32px" pivot="center" pos="21,-21" sprite="ui_game_symbol_backpack" />
				<label depth="3" name="windowName" pos="42,-6" width="250" height="32" text="INVENTORY" text_key="xuiInventory" font_size="32" />
				<rect pos="303,0" width="300" controller="ContainerStandardControls">
					<button depth="3" name="btnClearInventory" sprite="ui_game_symbol_trash" tooltip_key="lblClearInventory" pos="200, -22" style="icon32px, press, hover" pivot="center" sound="[paging_click]" visible="{creativewindowopen}" />
					<button depth="3" name="btnSort"           sprite="ui_game_symbol_sort"  tooltip_key="lblSortContainer"  pos="0, -22" style="icon32px, press, hover" pivot="center" sound="[paging_click]" />
					<combobox name="cbxLockedSlots" type="ComboBoxInt" pos="105, -6" width="140" height="30" value_min="0" value_max="105" value_wrap="true" value_increment="1" tooltip_key="xuiStashLockedSlots" visible="{lootingorvehiclestorage}" />
					<rect pos="0, 0" visible="{lootingorvehiclestorage}">
						<button   depth="3" name="btnMoveAll"          sprite="ui_game_symbol_store_all_down"     tooltip_key="lblStashAll"             pos="80, -22" style="icon32px, press, hover" pivot="center" sound="[paging_click]" />
						<button   depth="3" name="btnMoveFillAndSmart" sprite="ui_game_symbol_store_similar_down" tooltip_key="lblStashFillAndSmart" pos="40, -22" style="icon32px, press, hover" pivot="center" sound="[paging_click]" />
					</rect>
				</rect>
				<label depth="2" pos="874,-8" width="100" height="28" text="{currencyamount}" color="[Golden]" justify="right" />
				<sprite depth="4" name="costIcon" sprite="ui_game_symbol_coin" size="24,24" pos="979,-10" color="[white]" foregroundlayer="true" />
			</panel>
			<panel name="content" width="100%" height="437" depth="0" pos="0,-46" disableautobackground="true">
					<sprite depth="8" name="backgroundMain" sprite="menu_empty3px" pos="0,0" width="606" height="470" color="[black]" type="sliced" fillcenter="false" on_press="true" />
					<grid depth="10" name="inventory" rows="7" cols="15" pos="3,-3" cell_width="67" cell_height="67" controller="Backpack" repeat_content="true" >
						<backpack_item_stack name="0"/>
					</grid>
			</panel>
		</window>
	</append>
	
</anan>