<anan>
 
	<!-- 物品叠加  -->
	<set xpath="/items/item[contains(@name,'ammo')]/property[@name='Stacknumber'][@value>74]/@value">8888</set>
	<set xpath="/items/item[contains(@name,'ammo')]/property[@name='Stacknumber'][74>@value]/@value">100</set>
	<set xpath="/items/item[contains(@name,'thrown')]/property[@name='Stacknumber']/@value">100</set>
	<set xpath="/items/item[@name='ammoGasCan']/property[@name='Stacknumber']/@value">10000</set>
	<set xpath="/items/item[contains(@name,'medical')]/property[@name='Stacknumber'][@value>1][100>@value]/@value">1000</set>
	<set xpath="/items/item[contains(@name,'drug')]/property[@name='Stacknumber']/@value">1000</set>
	<set xpath="/items/item[contains(@name,'food')]/property[@name='Stacknumber']/@value">2000</set>
	<set xpath="/items/item[contains(@name,'drink')]/property[@name='Stacknumber'][100>@value]/@value">2000</set>
	<set xpath="/items/item[contains(@name,'drink')]/property[@name='Stacknumber'][@value>100]/@value">1000</set>
	<set xpath="/items/item[@name='medicalBloodBag']/property[@name='Stacknumber']/@value">8888</set>
	<set xpath="/items/item[@name='schematicMaster']/property[@name='Stacknumber']/@value">100</set>
	<set xpath="/items/item[@name='questMaster']/property[@name='Stacknumber']/@value">100</set>
	<set xpath="/items/item[contains(@name,'resource')]/property[@name='Stacknumber'][@value>1000]/@value">20000</set>
	<set xpath="/items/item[contains(@name,'resource')]/property[@name='Stacknumber'][@value=1000]/@value">10000</set>
	<set xpath="/items/item[contains(@name,'resource')]/property[@name='Stacknumber'][@value>1][1000>@value]/@value">8888</set>
	<set xpath="/items/item[@name='meleeToolTorch']/property[@name='Stacknumber']/@value">1000</set>
	<set xpath="/items/item[@name='oldCash']/property[@name='Stacknumber']/@value">8888</set>
	<set xpath="/items/item[@name='candle']/property[@name='Stacknumber']/@value">1000</set>
	<set xpath="/items/item[@name='resourceCobblestones']/property[@name='Stacknumber']/@value">20000</set>
	<set xpath="/items/item[@name='resourceCement']/property[@name='Stacknumber']/@value">20000</set>
	<set xpath="/items/item[@name='resourceConcreteMix']/property[@name='Stacknumber']/@value">20000</set>
	<set xpath="/items/item[contains(@name,'Bundle')]/property[@name='Stacknumber']/@value">100</set>

</anan>